Title,URL,Description,Details,ShortDetails,Resource,Type,Identifiers,Db,EntrezUID,Properties
"Polygenic predisposition to breast cancer and the risk of coronary artery disease.","/pubmed/31155334","D'Souza M, Schou M, Skals R, Weeke PE, Lee C, Smedegaard L, Madelaire C, Gerds TA, Poulsen HE, Hansen T, Grarup N, Pedersen O, Stender S, Engstrøm T, Fosbøl E, Nielsen D, Gislason G, Køber L, Torp-Pedersen C, Andersson C.","Int J Cardiol. 2019 Sep 15;291:145-151. doi: 10.1016/j.ijcard.2019.05.051. Epub 2019 May 24.","Int J Cardiol.  2019","PubMed","citation","PMID:31155334","pubmed","31155334","create date:2019/06/04 | first author:D'Souza M",
"Genetic overlap between autoimmune diseases and non-Hodgkin lymphoma subtypes.","/pubmed/31407831","Din L, Sheikh M, Kosaraju N, Smedby KE, Bernatsky S, Berndt SI, Skibola CF, Nieters A, Wang S, McKay JD, Cocco P, Maynadié M, Foretová L, Staines A, Mack TM, de Sanjosé S, Vyse TJ, Padyukov L, Monnereau A, Arslan AA, Moore A, Brooks-Wilson AR, et al.","Genet Epidemiol. 2019 Aug 13. doi: 10.1002/gepi.22242. [Epub ahead of print]","Genet Epidemiol.  2019","PubMed","citation","PMID:31407831","pubmed","31407831","create date:2019/08/14 | first author:Din L",
"Towards clinical utility of polygenic risk scores.","/pubmed/31363735","Lambert SA, Abraham G, Inouye M.","Hum Mol Genet. 2019 Jul 31. pii: ddz187. doi: 10.1093/hmg/ddz187. [Epub ahead of print]","Hum Mol Genet.  2019","PubMed","citation","PMID:31363735","pubmed","31363735","create date:2019/08/01 | first author:Lambert SA",
"Identification of risk loci and a polygenic risk score for lung cancer: a large-scale prospective cohort study in Chinese populations.","/pubmed/31326317","Dai J, Lv J, Zhu M, Wang Y, Qin N, Ma H, He YQ, Zhang R, Tan W, Fan J, Wang T, Zheng H, Sun Q, Wang L, Huang M, Ge Z, Yu C, Guo Y, Wang TM, Wang J, Xu L, Wu W, et al.","Lancet Respir Med. 2019 Jul 17. pii: S2213-2600(19)30144-4. doi: 10.1016/S2213-2600(19)30144-4. [Epub ahead of print]","Lancet Respir Med.  2019","PubMed","citation","PMID:31326317","pubmed","31326317","create date:2019/07/22 | first author:Dai J",
"Association of Lifestyle and Genetic Risk With Incidence of Dementia.","/pubmed/31302669","Lourida I, Hannon E, Littlejohns TJ, Langa KM, Hyppönen E, Kuzma E, Llewellyn DJ.","JAMA. 2019 Jul 14. doi: 10.1001/jama.2019.9879. [Epub ahead of print]","JAMA.  2019","PubMed","citation","PMID:31302669 | PMCID:PMC6628594","pubmed","31302669","create date:2019/07/16 | first author:Lourida I",
"Effects of common genetic variants associated with colorectal cancer risk on survival outcomes after diagnosis: A large population-based cohort study.","/pubmed/31271446","He Y, Theodoratou E, Li X, Din FVN, Vaughan-Shaw P, Svinti V, Farrington SM, Campbell H, Dunlop MG, Timofeeva M.","Int J Cancer. 2019 Jul 4. doi: 10.1002/ijc.32550. [Epub ahead of print]","Int J Cancer.  2019","PubMed","citation","PMID:31271446","pubmed","31271446","create date:2019/07/05 | first author:He Y",
"Breast cancer pathology and stage are better predicted by risk stratification models that include mammographic density and common genetic variants.","/pubmed/30941651","Evans DGR, Harkness EF, Brentnall AR, van Veen EM, Astley SM, Byers H, Sampson S, Southworth J, Stavrinos P, Howell SJ, Maxwell AJ, Howell A, Newman WG, Cuzick J.","Breast Cancer Res Treat. 2019 Jul;176(1):141-148. doi: 10.1007/s10549-019-05210-2. Epub 2019 Apr 2.","Breast Cancer Res Treat.  2019","PubMed","citation","PMID:30941651 | PMCID:PMC6548748","pubmed","30941651","create date:2019/04/04 | first author:Evans DGR",
"A case-control evaluation of 143 single nucleotide polymorphisms for breast cancer risk stratification with classical factors and mammographic density.","/pubmed/31251818","Brentnall AR, van Veen EM, Harkness EF, Rafiq S, Byers H, Astley SM, Sampson S, Howell A, Newman WG, Cuzick J, Evans DGR.","Int J Cancer. 2019 Jun 28. doi: 10.1002/ijc.32541. [Epub ahead of print]","Int J Cancer.  2019","PubMed","citation","PMID:31251818","pubmed","31251818","create date:2019/06/30 | first author:Brentnall AR",
"A genome-wide association study of prostate cancer in Latinos.","/pubmed/31226226","Du Z, Hopp H, Ingles SA, Huff C, Sheng X, Weaver B, Stern M, Hoffmann TJ, John EM, Van Den Eeden SK, Strom S, Leach RJ, Thompson IM Jr, Witte JS, Conti DV, Haiman CA.","Int J Cancer. 2019 Jun 21. doi: 10.1002/ijc.32525. [Epub ahead of print]","Int J Cancer.  2019","PubMed","citation","PMID:31226226","pubmed","31226226","create date:2019/06/22 | first author:Du Z",
"Genome-wide enriched pathway analysis of acute post-radiotherapy pain in breast cancer patients: a prospective cohort study.","/pubmed/31196165","Lee E, Takita C, Wright JL, Slifer SH, Martin ER, Urbanic JJ, Langefeld CD, Lesser GJ, Shaw EG, Hu JJ.","Hum Genomics. 2019 Jun 13;13(1):28. doi: 10.1186/s40246-019-0212-8.","Hum Genomics.  2019","PubMed","citation","PMID:31196165 | PMCID:PMC6567461","pubmed","31196165","create date:2019/06/15 | first author:Lee E",
"Addition of a 161-SNP polygenic risk score to family history-based risk prediction: impact on clinical management in non-BRCA1/2 breast cancer families.","/pubmed/31186341","Lakeman IMM, Hilbers FS, Rodríguez-Girondo M, Lee A, Vreeswijk MPG, Hollestelle A, Seynaeve C, Meijers-Heijboer H, Oosterwijk JC, Hoogerbrugge N, Olah E, Vasen HFA, van Asperen CJ, Devilee P.","J Med Genet. 2019 Jun 11. pii: jmedgenet-2019-106072. doi: 10.1136/jmedgenet-2019-106072. [Epub ahead of print]","J Med Genet.  2019","PubMed","citation","PMID:31186341","pubmed","31186341","create date:2019/06/13 | first author:Lakeman IMM",
"Polygenic prediction of breast cancer: comparison of genetic predictors and implications for risk stratification.","/pubmed/31182048","Läll K, Lepamets M, Palover M, Esko T, Metspalu A, Tõnisson N, Padrik P, Mägi R, Fischer K.","BMC Cancer. 2019 Jun 10;19(1):557. doi: 10.1186/s12885-019-5783-1.","BMC Cancer.  2019","PubMed","citation","PMID:31182048 | PMCID:PMC6558751","pubmed","31182048","create date:2019/06/12 | first author:Läll K",
"Comparative validation of breast cancer risk prediction models and projections for future risk stratification.","/pubmed/31165158","Choudhury PP, Wilcox AN, Brook MN, Zhang Y, Ahearn T, Orr N, Coulson P, Schoemaker MJ, Jones ME, Gail MH, Swerdlow AJ, Chatterjee N, Garcia-Closas M.","J Natl Cancer Inst. 2019 Jun 4. pii: djz113. doi: 10.1093/jnci/djz113. [Epub ahead of print]","J Natl Cancer Inst.  2019","PubMed","citation","PMID:31165158","pubmed","31165158","create date:2019/06/06 | first author:Choudhury PP",
"Joint association of mammographic density adjusted for age and body mass index and polygenic risk score with breast cancer risk.","/pubmed/31118087","Vachon CM, Scott CG, Tamimi RM, Thompson DJ, Fasching PA, Stone J, Southey MC, Winham S, Lindström S, Lilyquist J, Giles GG, Milne RL, MacInnis RJ, Baglietto L, Li J, Czene K, Bolla MK, Wang Q, Dennis J, Haeberle L, Eriksson M, Kraft P, et al.","Breast Cancer Res. 2019 May 22;21(1):68. doi: 10.1186/s13058-019-1138-8.","Breast Cancer Res.  2019","PubMed","citation","PMID:31118087 | PMCID:PMC6532188","pubmed","31118087","create date:2019/05/24 | first author:Vachon CM",
"Epithelial ovarian cancer risk: A review of the current genetic landscape.","/pubmed/31099061","Flaum N, Crosbie EJ, Edmondson RJ, Smith MJ, Evans DG.","Clin Genet. 2019 May 16. doi: 10.1111/cge.13566. [Epub ahead of print] Review.","Clin Genet.  2019","PubMed","citation","PMID:31099061","pubmed","31099061","create date:2019/05/18 | first author:Flaum N",
"Prenatal adverse environment is associated with epigenetic age deceleration at birth and hypomethylation at the hypoxia-responsive EP300 gene.","/pubmed/31072398","Palma-Gudiel H, Eixarch E, Crispi F, Morán S, Zannas AS, Fañanás L.","Clin Epigenetics. 2019 May 9;11(1):73. doi: 10.1186/s13148-019-0674-5.","Clin Epigenetics.  2019","PubMed","citation","PMID:31072398 | PMCID:PMC6507133","pubmed","31072398","create date:2019/05/11 | first author:Palma-Gudiel H",
"Efficient Implementation of Penalized Regression for Genetic Risk Prediction.","/pubmed/30808621","Privé F, Aschard H, Blum MGB.","Genetics. 2019 May;212(1):65-74. doi: 10.1534/genetics.119.302019. Epub 2019 Feb 26.","Genetics.  2019","PubMed","citation","PMID:30808621 | PMCID:PMC6499521","pubmed","30808621","create date:2019/02/28 | first author:Privé F",
"Subclinical coronary atherosclerosis and cardiovascular risk stratification in heterozygous familial hypercholesterolemia patients undergoing statin treatment.","/pubmed/30649025","Miname MH, Bittencourt MS, Nasir K, Santos RD.","Curr Opin Lipidol. 2019 Apr;30(2):82-87. doi: 10.1097/MOL.0000000000000573.","Curr Opin Lipidol.  2019","PubMed","citation","PMID:30649025","pubmed","30649025","create date:2019/01/17 | first author:Miname MH",
"Development and pilot testing of a leaflet informing women with breast cancer about genomic testing for polygenic risk.","/pubmed/30251170","Kaur R, Meiser B, Yanes T, Young MA, Barlow-Stewart K, Roscioli T, Smith S, James PA.","Fam Cancer. 2019 Apr;18(2):147-152. doi: 10.1007/s10689-018-0104-4.","Fam Cancer.  2019","PubMed","citation","PMID:30251170","pubmed","30251170","create date:2018/09/27 | first author:Kaur R",
"SummaryAUC: a tool for evaluating the performance of polygenic risk prediction models in validation datasets with only summary level statistics.","/pubmed/30911754","Song L, Liu A, Consortium MGOS, Shi J, Gejman V, Sanders R, Duan J, Cloninger R, Svrakic M, Buccola G, Levinson F, Mowry J, Freedman R, Olincy A, Amin F, Black W, Silverman M, Byerley F.","Bioinformatics. 2019 Mar 26. pii: btz176. doi: 10.1093/bioinformatics/btz176. [Epub ahead of print]","Bioinformatics.  2019","PubMed","citation","PMID:30911754","pubmed","30911754","create date:2019/03/27 | first author:Song L",
"Genetic susceptibility to radiation-induced breast cancer after Hodgkin lymphoma.","/pubmed/30573632","Opstal-van Winden AWJ, de Haan HG, Hauptmann M, Schmidt MK, Broeks A, Russell NS, Janus CPM, Krol ADG, van der Baan FH, De Bruin ML, van Eggermond AM, Dennis J, Anton-Culver H, Haiman CA, Sawyer EJ, Cox A, Devilee P, Hooning MJ, Peto J, Couch FJ, Pharoah P, Orr N, et al.","Blood. 2019 Mar 7;133(10):1130-1139. doi: 10.1182/blood-2018-07-862607. Epub 2018 Dec 20.","Blood.  2019","PubMed","citation","PMID:30573632 | PMCID:PMC6405334","pubmed","30573632","create date:2018/12/24 | first author:Opstal-van Winden AWJ",
"Polygenic risk score as a determinant of risk of non-melanoma skin cancer in a European-descent renal transplant cohort.","/pubmed/30085400","Stapleton CP, Birdwell KA, McKnight AJ, Maxwell AP, Mark PB, Sanders ML, Chapman FA, van Setten J, Phelan PJ, Kennedy C, Jardine A, Traynor JP, Keating B, Conlon PJ, Cavalleri GL.","Am J Transplant. 2019 Mar;19(3):801-810. doi: 10.1111/ajt.15057. Epub 2018 Sep 5.","Am J Transplant.  2019","PubMed","citation","PMID:30085400 | PMCID:PMC6367067","pubmed","30085400","create date:2018/08/08 | first author:Stapleton CP",
"Genetic Testing to Guide Risk-Stratified Screens for Breast Cancer.","/pubmed/30832243","Willoughby A, Andreassen PR, Toland AE.","J Pers Med. 2019 Mar 1;9(1). pii: E15. doi: 10.3390/jpm9010015. Review.","J Pers Med.  2019","PubMed","citation","PMID:30832243 | PMCID:PMC6462925","pubmed","30832243","create date:2019/03/06 | first author:Willoughby A",
"Risk Prediction of Prostate Cancer with Single Nucleotide Polymorphisms and Prostate Specific Antigen.","/pubmed/30366021","Li-Sheng Chen S, Ching-Yuan Fann J, Sipeky C, Yang TK, Yueh-Hsia Chiu S, Ming-Fang Yen A, Laitinen V, Tammela TLJ, Stenman UH, Auvinen A, Schleutker J, Chen HH.","J Urol. 2019 Mar;201(3):486-495. doi: 10.1016/j.juro.2018.10.015.","J Urol.  2019","PubMed","citation","PMID:30366021","pubmed","30366021","create date:2018/10/27 | first author:Li-Sheng Chen S",
"Novel Common Genetic Susceptibility Loci for Colorectal Cancer.","/pubmed/29917119","Schmit SL, Edlund CK, Schumacher FR, Gong J, Harrison TA, Huyghe JR, Qu C, Melas M, Van Den Berg DJ, Wang H, Tring S, Plummer SJ, Albanes D, Alonso MH, Amos CI, Anton K, Aragaki AK, Arndt V, Barry EL, Berndt SI, Bezieau S, Bien S, et al.","J Natl Cancer Inst. 2019 Feb 1;111(2):146-157. doi: 10.1093/jnci/djy099.","J Natl Cancer Inst.  2019","PubMed","citation","PMID:29917119 | PMCID:PMC6555904","pubmed","29917119","create date:2018/06/20 | first author:Schmit SL",
"Polygenic Risk Scores for Prediction of Breast Cancer and Breast Cancer Subtypes.","/pubmed/30554720","Mavaddat N, Michailidou K, Dennis J, Lush M, Fachal L, Lee A, Tyrer JP, Chen TH, Wang Q, Bolla MK, Yang X, Adank MA, Ahearn T, Aittomäki K, Allen J, Andrulis IL, Anton-Culver H, Antonenkova NN, Arndt V, Aronson KJ, Auer PL, Auvinen P, et al.","Am J Hum Genet. 2019 Jan 3;104(1):21-34. doi: 10.1016/j.ajhg.2018.11.002. Epub 2018 Dec 13.","Am J Hum Genet.  2019","PubMed","citation","PMID:30554720 | PMCID:PMC6323553","pubmed","30554720","create date:2018/12/18 | first author:Mavaddat N",
"Germline Genetics of Prostate Cancer: Time to Incorporate Genetics into Early Detection Tools.","/pubmed/30459162","Fantus RJ, Helfand BT.","Clin Chem. 2019 Jan;65(1):74-79. doi: 10.1373/clinchem.2018.286658. Epub 2018 Nov 20. Review.","Clin Chem.  2019","PubMed","citation","PMID:30459162","pubmed","30459162","create date:2018/11/22 | first author:Fantus RJ",
"Information on Genetic Variants Does Not Increase Identification of Individuals at Risk of Esophageal Adenocarcinoma Compared to Clinical Risk Factors.","/pubmed/30243622","Kunzmann AT, Cañadas Garre M, Thrift AP, McMenamin ÚC, Johnston BT, Cardwell CR, Anderson LA, Spence AD, Lagergren J, Xie SH, Smyth LJ, McKnight AJ, Coleman HG.","Gastroenterology. 2019 Jan;156(1):43-45. doi: 10.1053/j.gastro.2018.09.038. Epub 2018 Sep 19.","Gastroenterology.  2019","PubMed","citation","PMID:30243622","pubmed","30243622","create date:2018/09/24 | first author:Kunzmann AT",
"Association of Genetic Variants Related to Gluteofemoral vs Abdominal Fat Distribution With Type 2 Diabetes, Coronary Disease, and Cardiovascular Risk Factors.","/pubmed/30575882","Lotta LA, Wittemans LBL, Zuber V, Stewart ID, Sharp SJ, Luan J, Day FR, Li C, Bowker N, Cai L, De Lucia Rolfe E, Khaw KT, Perry JRB, O'Rahilly S, Scott RA, Savage DB, Burgess S, Wareham NJ, Langenberg C.","JAMA. 2018 Dec 25;320(24):2553-2563. doi: 10.1001/jama.2018.19329.","JAMA.  2018","PubMed","citation","PMID:30575882 | PMCID:PMC6583513","pubmed","30575882","create date:2018/12/24 | first author:Lotta LA",
"Dietary Zinc and Risk of Prostate Cancer in Spain: MCC-Spain Study.","/pubmed/30577563","Gutiérrez-González E, Castelló A, Fernández-Navarro P, Castaño-Vinyals G, Llorca J, Salas D, Salcedo-Bellido I, Aragonés N, Fernández-Tardón G, Alguacil J, Gracia-Lavedan E, García-Esquinas E, Gómez-Acebo I, Amiano P, Romaguera D, Kogevinas M, Pollán M, Pérez-Gómez B.","Nutrients. 2018 Dec 20;11(1). pii: E18. doi: 10.3390/nu11010018.","Nutrients.  2018","PubMed","citation","PMID:30577563 | PMCID:PMC6356690","pubmed","30577563","create date:2018/12/24 | first author:Gutiérrez-González E",
"Polygenic Determinants for Subsequent Breast Cancer Risk in Survivors of Childhood Cancer: The St Jude Lifetime Cohort Study (SJLIFE).","/pubmed/30366939","Wang Z, Liu Q, Wilson CL, Easton J, Mulder H, Chang TC, Rusch MC, Edmonson MN, Rice SV, Ehrhardt MJ, Howell RM, Kesserwan CA, Wu G, Nichols KE, Downing JR, Hudson MM, Zhang J, Yasui Y, Robison LL.","Clin Cancer Res. 2018 Dec 15;24(24):6230-6235. doi: 10.1158/1078-0432.CCR-18-1775. Epub 2018 Oct 26.","Clin Cancer Res.  2018","PubMed","citation","PMID:30366939 | PMCID:PMC6295266","pubmed","30366939","create date:2018/10/28 | first author:Wang Z",
"Colorectal cancer susceptibility loci and influence on survival.","/pubmed/30350386","Song N, Kim K, Shin A, Park JW, Chang HJ, Shi J, Cai Q, Kim DY, Zheng W, Oh JH.","Genes Chromosomes Cancer. 2018 Dec;57(12):630-637. doi: 10.1002/gcc.22674. Epub 2018 Oct 22.","Genes Chromosomes Cancer.  2018","PubMed","citation","PMID:30350386","pubmed","30350386","create date:2018/10/24 | first author:Song N",
"Relationship of genetic determinants of height with cardiometabolic and pulmonary traits in the Hispanic Community Health Study/Study of Latinos.","/pubmed/30137430","Sofer T, Moon JY, Isasi CR, Qi Q, Shah NA, Kaplan RC, Kuniholm MH.","Int J Epidemiol. 2018 Dec 1;47(6):2059-2069. doi: 10.1093/ije/dyy177.","Int J Epidemiol.  2018","PubMed","citation","PMID:30137430 | PMCID:PMC6280956","pubmed","30137430","create date:2018/08/24 | first author:Sofer T",
"Assessing the Incremental Contribution of Common Genomic Variants to Melanoma Risk Prediction in Two Population-Based Studies.","/pubmed/29890168","Cust AE, Drummond M, Kanetsky PA; Australian Melanoma Family Study Investigators.; Leeds Case-Control Study Investigators., Goldstein AM, Barrett JH, MacGregor S, Law MH, Iles MM, Bui M, Hopper JL, Brossard M, Demenais F, Taylor JC, Hoggart C, Brown KM, Landi MT, Newton-Bishop JA, Mann GJ, Bishop DT.","J Invest Dermatol. 2018 Dec;138(12):2617-2624. doi: 10.1016/j.jid.2018.05.023. Epub 2018 Jun 8.","J Invest Dermatol.  2018","PubMed","citation","PMID:29890168 | PMCID:PMC6249137","pubmed","29890168","create date:2018/06/12 | first author:Cust AE",
"Use of polygenic risk scores of nicotine metabolism in predicting smoking behaviors.","/pubmed/30442082","Chen LS, Hartz SM, Baker TB, Ma Y, L Saccone N, Bierut LJ.","Pharmacogenomics. 2018 Dec;19(18):1383-1394. doi: 10.2217/pgs-2018-0081. Epub 2018 Nov 16.","Pharmacogenomics.  2018","PubMed","citation","PMID:30442082 | PMCID:PMC6562697","pubmed","30442082","create date:2018/11/18 | first author:Chen LS",
"Genome-wide associations for benign prostatic hyperplasia reveal a genetic correlation with serum levels of PSA.","/pubmed/30410027","Gudmundsson J, Sigurdsson JK, Stefansdottir L, Agnarsson BA, Isaksson HJ, Stefansson OA, Gudjonsson SA, Gudbjartsson DF, Masson G, Frigge ML, Stacey SN, Sulem P, Halldorsson GH, Tragante V, Holm H, Eyjolfsson GI, Sigurdardottir O, Olafsson I, Jonsson T, Jonsson E, Barkardottir RB, Hilmarsson R, et al.","Nat Commun. 2018 Nov 8;9(1):4568. doi: 10.1038/s41467-018-06920-9.","Nat Commun.  2018","PubMed","citation","PMID:30410027 | PMCID:PMC6224563","pubmed","30410027","create date:2018/11/10 | first author:Gudmundsson J",
"Germline variation at 8q24 and prostate cancer risk in men of European ancestry.","/pubmed/30397198","Matejcic M, Saunders EJ, Dadaev T, Brook MN, Wang K, Sheng X, Olama AAA, Schumacher FR, Ingles SA, Govindasami K, Benlloch S, Berndt SI, Albanes D, Koutros S, Muir K, Stevens VL, Gapstur SM, Tangen CM, Batra J, Clements J, Gronberg H, Pashayan N, et al.","Nat Commun. 2018 Nov 5;9(1):4616. doi: 10.1038/s41467-018-06863-1. Erratum in: Nat Commun. 2019 Jan 17;10(1):382. ","Nat Commun.  2018","PubMed","citation","PMID:30397198 | PMCID:PMC6218483","pubmed","30397198","create date:2018/11/07 | first author:Matejcic M",
"Differential Burden of Rare and Common Variants on Tumor Characteristics, Survival, and Mode of Detection in Breast Cancer.","/pubmed/30385609","Li J, Ugalde-Morales E, Wen WX, Decker B, Eriksson M, Torstensson A, Christensen HN, Dunning AM, Allen J, Luccarini C, Pooley KA, Simard J, Dorling L, Easton DF, Teo SH, Hall P, Czene K.","Cancer Res. 2018 Nov 1;78(21):6329-6338. doi: 10.1158/0008-5472.CAN-18-1018.","Cancer Res.  2018","PubMed","citation","PMID:30385609","pubmed","30385609","create date:2018/11/06 | first author:Li J",
"Cost-effectiveness and Benefit-to-Harm Ratio of Risk-Stratified Screening for Breast Cancer: A Life-Table Model.","/pubmed/29978189","Pashayan N, Morris S, Gilbert FJ, Pharoah PDP.","JAMA Oncol. 2018 Nov 1;4(11):1504-1510. doi: 10.1001/jamaoncol.2018.1901.","JAMA Oncol.  2018","PubMed","citation","PMID:29978189 | PMCID:PMC6230256","pubmed","29978189","create date:2018/07/07 | first author:Pashayan N",
"Validation of a genetic risk score for Arkansas women of color.","/pubmed/30281645","Starlard-Davenport A, Allman R, Dite GS, Hopper JL, Spaeth Tuff E, Macleod S, Kadlubar S, Preston M, Henry-Tillman R.","PLoS One. 2018 Oct 3;13(10):e0204834. doi: 10.1371/journal.pone.0204834. eCollection 2018.","PLoS One.  2018","PubMed","citation","PMID:30281645 | PMCID:PMC6169938","pubmed","30281645","create date:2018/10/04 | first author:Starlard-Davenport A",
"Transmission of breast cancer polygenic risk based on single nucleotide polymorphisms.","/pubmed/29933179","Cox DG, Heudel PE, Henry J, Pivot X.","Breast. 2018 Oct;41:14-18. doi: 10.1016/j.breast.2018.06.006. Epub 2018 Jun 14.","Breast.  2018","PubMed","citation","PMID:29933179","pubmed","29933179","create date:2018/06/23 | first author:Cox DG",
"SNP association study in PMS2-associated Lynch syndrome.","/pubmed/29147930","Ten Broeke SW, Elsayed FA, Pagan L, Olderode-Berends MJW, Garcia EG, Gille HJP, van Hest LP, Letteboer TGW, van der Kolk LE, Mensenkamp AR, van Os TA, Spruijt L, Redeker BJW, Suerink M, Vos YJ, Wagner A, Wijnen JT, Steyerberg EW, Tops CMJ, van Wezel T, Nielsen M.","Fam Cancer. 2018 Oct;17(4):507-515. doi: 10.1007/s10689-017-0061-3.","Fam Cancer.  2018","PubMed","citation","PMID:29147930 | PMCID:PMC6182583","pubmed","29147930","create date:2017/11/18 | first author:Ten Broeke SW",
"Genetic determinants of childhood and adult height associated with osteosarcoma risk.","/pubmed/30311632","Zhang C, Morimoto LM, de Smith AJ, Hansen HM, Gonzalez-Maya J, Endicott AA, Smirnov IV, Metayer C, Wei Q, Eward WC, Wiemels JL, Walsh KM.","Cancer. 2018 Sep 15;124(18):3742-3752. doi: 10.1002/cncr.31645. Epub 2018 Oct 12.","Cancer.  2018","PubMed","citation","PMID:30311632 | PMCID:PMC6214707","pubmed","30311632","create date:2018/10/13 | first author:Zhang C",
"Variants associating with uterine leiomyoma highlight genetic background shared by various cancers and hormone-related traits.","/pubmed/30194396","Rafnar T, Gunnarsson B, Stefansson OA, Sulem P, Ingason A, Frigge ML, Stefansdottir L, Sigurdsson JK, Tragante V, Steinthorsdottir V, Styrkarsdottir U, Stacey SN, Gudmundsson J, Arnadottir GA, Oddsson A, Zink F, Halldorsson G, Sveinbjornsson G, Kristjansson RP, Davidsson OB, Salvarsdottir A, Thoroddsen A, et al.","Nat Commun. 2018 Sep 7;9(1):3636. doi: 10.1038/s41467-018-05428-6.","Nat Commun.  2018","PubMed","citation","PMID:30194396 | PMCID:PMC6128903","pubmed","30194396","create date:2018/09/09 | first author:Rafnar T",
"Prediction model for pancreatic cancer risk in the general Japanese population.","/pubmed/30192808","Nakatochi M, Lin Y, Ito H, Hara K, Kinoshita F, Kobayashi Y, Ishii H, Ozaka M, Sasaki T, Sasahira N, Morimoto M, Kobayashi S, Ueno M, Ohkawa S, Egawa N, Kuruma S, Mori M, Nakao H, Wang C, Nishiyama T, Kawaguchi T, Takahashi M, et al.","PLoS One. 2018 Sep 7;13(9):e0203386. doi: 10.1371/journal.pone.0203386. eCollection 2018.","PLoS One.  2018","PubMed","citation","PMID:30192808 | PMCID:PMC6128543","pubmed","30192808","create date:2018/09/08 | first author:Nakatochi M",
"Addition of a polygenic risk score, mammographic density, and endogenous hormones to existing breast cancer risk prediction models: A nested case-control study.","/pubmed/30180161","Zhang X, Rice M, Tworoger SS, Rosner BA, Eliassen AH, Tamimi RM, Joshi AD, Lindstrom S, Qian J, Colditz GA, Willett WC, Kraft P, Hankinson SE.","PLoS Med. 2018 Sep 4;15(9):e1002644. doi: 10.1371/journal.pmed.1002644. eCollection 2018 Sep.","PLoS Med.  2018","PubMed","citation","PMID:30180161 | PMCID:PMC6122802","pubmed","30180161","create date:2018/09/05 | first author:Zhang X",
"Machine learning identifies interacting genetic variants contributing to breast cancer risk: A case study in Finnish cases and controls.","/pubmed/30177847","Behravan H, Hartikainen JM, Tengström M, Pylkäs K, Winqvist R, Kosma VM, Mannermaa A.","Sci Rep. 2018 Sep 3;8(1):13149. doi: 10.1038/s41598-018-31573-5.","Sci Rep.  2018","PubMed","citation","PMID:30177847 | PMCID:PMC6120908","pubmed","30177847","create date:2018/09/05 | first author:Behravan H",
"Germline Variation and Breast Cancer Incidence: A Gene-Based Association Study and Whole-Genome Prediction of Early-Onset Breast Cancer.","/pubmed/29898891","Scannell Bryan M, Argos M, Andrulis IL, Hopper JL, Chang-Claude J, Malone KE, John EM, Gammon MD, Daly MB, Terry MB, Buys SS, Huo D, Olopade OI, Genkinger JM, Whittemore AS, Jasmine F, Kibriya MG, Chen LS, Ahsan H.","Cancer Epidemiol Biomarkers Prev. 2018 Sep;27(9):1057-1064. doi: 10.1158/1055-9965.EPI-17-1185. Epub 2018 Jun 13.","Cancer Epidemiol Biomarkers Prev.  2018","PubMed","citation","PMID:29898891 | PMCID:PMC6125194","pubmed","29898891","create date:2018/06/15 | first author:Scannell Bryan M",
"Large-scale Analysis Demonstrates Familial Testicular Cancer to have Polygenic Aetiology.","/pubmed/29935977","Loveday C, Law P, Litchfield K, Levy M, Holroyd A, Broderick P, Kote-Jarai Z, Dunning AM, Muir K, Peto J, Eeles R, Easton DF, Dudakia D, Orr N, Pashayan N; UK Testicular Cancer Collaboration, The PRACTICAL Consortium., Reid A, Huddart RA, Houlston RS, Turnbull C.","Eur Urol. 2018 Sep;74(3):248-252. doi: 10.1016/j.eururo.2018.05.036. Epub 2018 Jun 21.","Eur Urol.  2018","PubMed","citation","PMID:29935977","pubmed","29935977","create date:2018/06/25 | first author:Loveday C",
"Exploring the association of genetic factors with participation in the Avon Longitudinal Study of Parents and Children.","/pubmed/29800128","Taylor AE, Jones HJ, Sallis H, Euesden J, Stergiakouli E, Davies NM, Zammit S, Lawlor DA, Munafò MR, Davey Smith G, Tilling K.","Int J Epidemiol. 2018 Aug 1;47(4):1207-1216. doi: 10.1093/ije/dyy060.","Int J Epidemiol.  2018","PubMed","citation","PMID:29800128 | PMCID:PMC6124613","pubmed","29800128","create date:2018/05/26 | first author:Taylor AE",
"Prospective associations of C-reactive protein (CRP) levels and CRP genetic risk scores with risk of total knee and hip replacement for osteoarthritis in a diverse cohort.","/pubmed/29758352","Shadyab AH, Terkeltaub R, Kooperberg C, Reiner A, Eaton CB, Jackson RD, Krok-Schoen JL, Salem RM, LaCroix AZ.","Osteoarthritis Cartilage. 2018 Aug;26(8):1038-1044. doi: 10.1016/j.joca.2018.05.002. Epub 2018 May 22.","Osteoarthritis Cartilage.  2018","PubMed","citation","PMID:29758352 | PMCID:PMC6050083","pubmed","29758352","create date:2018/05/15 | first author:Shadyab AH",
"Telomere length and survival in primary cutaneous melanoma patients.","/pubmed/30026606","Rachakonda S, Srinivas N, Mahmoudpour SH, Garcia-Casado Z, Requena C, Traves V, Soriano V, Cardelli M, Pjanova D, Molven A, Gruis N, Nagore E, Kumar R.","Sci Rep. 2018 Jul 19;8(1):10947. doi: 10.1038/s41598-018-29322-9. Erratum in: Sci Rep. 2018 Dec 14;8(1):17963. ","Sci Rep.  2018","PubMed","citation","PMID:30026606 | PMCID:PMC6053393","pubmed","30026606","create date:2018/07/22 | first author:Rachakonda S",
"Exploring the role of low-frequency and rare exonic variants in alcohol and tobacco use.","/pubmed/29758381","Marees AT, Hammerschlag AR, Bastarache L, de Kluiver H, Vorspan F, van den Brink W, Smit DJ, Denys D, Gamazon ER, Li-Gao R, Breetvelt EJ, de Groot MCH, Galesloot TE, Vermeulen SH, Poppelaars JL, Souverein PC, Keeman R, de Mutsert R, Noordam R, Rosendaal FR, Stringa N, Mook-Kanamori DO, et al.","Drug Alcohol Depend. 2018 Jul 1;188:94-101. doi: 10.1016/j.drugalcdep.2018.03.026. Epub 2018 Apr 25.","Drug Alcohol Depend.  2018","PubMed","citation","PMID:29758381","pubmed","29758381","create date:2018/05/15 | first author:Marees AT",
"Melanoma risk prediction using a multilocus genetic risk score in the Women's Health Initiative cohort.","/pubmed/29499294","Cho HG, Ransohoff KJ, Yang L, Hedlin H, Assimes T, Han J, Stefanick M, Tang JY, Sarin KY.","J Am Acad Dermatol. 2018 Jul;79(1):36-41.e10. doi: 10.1016/j.jaad.2018.02.052. Epub 2018 Mar 1.","J Am Acad Dermatol.  2018","PubMed","citation","PMID:29499294 | PMCID:PMC6362983","pubmed","29499294","create date:2018/03/03 | first author:Cho HG",
"Quantifying the Polygenic Contribution to Cutaneous Squamous Cell Carcinoma Risk.","/pubmed/29452120","Sordillo JE, Kraft P, Wu AC, Asgari MM.","J Invest Dermatol. 2018 Jul;138(7):1507-1510. doi: 10.1016/j.jid.2018.01.031. Epub 2018 Feb 13. Erratum in: J Invest Dermatol. 2019 Apr;139(4):977. ","J Invest Dermatol.  2018","PubMed","citation","PMID:29452120 | PMCID:PMC6019610","pubmed","29452120","create date:2018/02/17 | first author:Sordillo JE",
"Association analyses of more than 140,000 men identify 63 new prostate cancer susceptibility loci.","/pubmed/29892016","Schumacher FR, Al Olama AA, Berndt SI, Benlloch S, Ahmed M, Saunders EJ, Dadaev T, Leongamornlert D, Anokian E, Cieza-Borrella C, Goh C, Brook MN, Sheng X, Fachal L, Dennis J, Tyrer J, Muir K, Lophatananon A, Stevens VL, Gapstur SM, Carter BD, Tangen CM, et al.","Nat Genet. 2018 Jul;50(7):928-936. doi: 10.1038/s41588-018-0142-8. Epub 2018 Jun 11. Erratum in: Nat Genet. 2019 Feb;51(2):363. ","Nat Genet.  2018","PubMed","citation","PMID:29892016 | PMCID:PMC6568012","pubmed","29892016","create date:2018/06/13 | first author:Schumacher FR",
"Association of polygenic risk score with the risk of chronic lymphocytic leukemia and monoclonal B-cell lymphocytosis.","/pubmed/29674426","Kleinstern G, Camp NJ, Goldin LR, Vachon CM, Vajdic CM, de Sanjose S, Weinberg JB, Benavente Y, Casabonne D, Liebow M, Nieters A, Hjalgrim H, Melbye M, Glimelius B, Adami HO, Boffetta P, Brennan P, Maynadie M, McKay J, Cocco PL, Shanafelt TD, Call TG, et al.","Blood. 2018 Jun 7;131(23):2541-2551. doi: 10.1182/blood-2017-11-814608. Epub 2018 Apr 19.","Blood.  2018","PubMed","citation","PMID:29674426 | PMCID:PMC5992865","pubmed","29674426","create date:2018/04/21 | first author:Kleinstern G",
"A genome-wide association study of IgM antibody against phosphorylcholine: shared genetics and phenotypic relationship to chronic lymphocytic leukemia.","/pubmed/29547969","Chen X, Gustafsson S, Whitington T, Borné Y, Lorentzen E, Sun J, Almgren P, Su J, Karlsson R, Song J, Lu Y, Zhan Y, Hägg S, Svensson P, Smedby KE, Slager SL, Ingelsson E, Lindgren CM, Morris AP, Melander O, Karlsson T, de Faire U, et al.","Hum Mol Genet. 2018 May 15;27(10):1809-1818. doi: 10.1093/hmg/ddy094.","Hum Mol Genet.  2018","PubMed","citation","PMID:29547969","pubmed","29547969","create date:2018/03/17 | first author:Chen X",
"Genetic variants demonstrating flip-flop phenomenon and breast cancer risk prediction among women of African ancestry.","/pubmed/29302764","Wang S, Qian F, Zheng Y, Ogundiran T, Ojengbede O, Zheng W, Blot W, Nathanson KL, Hennis A, Nemesure B, Ambs S, Olopade OI, Huo D.","Breast Cancer Res Treat. 2018 Apr;168(3):703-712. doi: 10.1007/s10549-017-4638-1. Epub 2018 Jan 4.","Breast Cancer Res Treat.  2018","PubMed","citation","PMID:29302764 | PMCID:PMC5916755","pubmed","29302764","create date:2018/01/06 | first author:Wang S",
"Determining Risk of Barrett's Esophagus and Esophageal Adenocarcinoma Based on Epidemiologic Factors and Genetic Variants.","/pubmed/29247777","Dong J, Buas MF, Gharahkhani P, Kendall BJ, Onstad L, Zhao S, Anderson LA, Wu AH, Ye W, Bird NC, Bernstein L, Chow WH, Gammon MD, Liu G, Caldas C, Pharoah PD, Risch HA, Iyer PG, Reid BJ, Hardie LJ, Lagergren J, Shaheen NJ, et al.","Gastroenterology. 2018 Apr;154(5):1273-1281.e3. doi: 10.1053/j.gastro.2017.12.003. Epub 2017 Dec 13.","Gastroenterology.  2018","PubMed","citation","PMID:29247777 | PMCID:PMC5880715","pubmed","29247777","create date:2017/12/17 | first author:Dong J",
"Joint associations of a polygenic risk score and environmental risk factors for breast cancer in the Breast Cancer Association Consortium.","/pubmed/29315403","Rudolph A, Song M, Brook MN, Milne RL, Mavaddat N, Michailidou K, Bolla MK, Wang Q, Dennis J, Wilcox AN, Hopper JL, Southey MC, Keeman R, Fasching PA, Beckmann MW, Gago-Dominguez M, Castelao JE, Guénel P, Truong T, Bojesen SE, Flyger H, Brenner H, et al.","Int J Epidemiol. 2018 Apr 1;47(2):526-536. doi: 10.1093/ije/dyx242.","Int J Epidemiol.  2018","PubMed","citation","PMID:29315403 | PMCID:PMC5913605","pubmed","29315403","create date:2018/01/10 | first author:Rudolph A",
"Genetic risk of prostate cancer in Ugandan men.","/pubmed/29356057","Du Z, Lubmawa A, Gundell S, Wan P, Nalukenge C, Muwanga P, Lutalo M, Nansereko D, Ndaruhutse O, Katuku M, Nassanga R; African Ancestry Prostate Cancer Consortium (AAPC)., Asiimwe F, Masaba B, Kaggwa S, Namuguzi D, Kiddu V, Mutema G, Conti DV, Luke A, Job K, Henry DM, et al.","Prostate. 2018 Apr;78(5):370-376. doi: 10.1002/pros.23481. Epub 2018 Jan 21.","Prostate.  2018","PubMed","citation","PMID:29356057","pubmed","29356057","create date:2018/01/23 | first author:Du Z",
"Telomere length and genetics are independent colorectal tumour risk factors in an evaluation of biomarkers in normal bowel.","/pubmed/29438375","Fernandez-Rozadilla C, Kartsonaki C, Woolley C, McClellan M, Whittington D, Horgan G, Leedham S, Kriaucionis S, East J, Tomlinson I.","Br J Cancer. 2018 Mar 6;118(5):727-732. doi: 10.1038/bjc.2017.486. Epub 2018 Feb 13. Erratum in: Br J Cancer. 2018 May 21;:. ","Br J Cancer.  2018","PubMed","citation","PMID:29438375 | PMCID:PMC5846076","pubmed","29438375","create date:2018/02/14 | first author:Fernandez-Rozadilla C",
"Genetic variants in COL13A1, ADIPOQ and SAMM50, in addition to the PNPLA3 gene, confer susceptibility to elevated transaminase levels in an admixed Mexican population.","/pubmed/29307798","Larrieta-Carrasco E, Flores YN, Macías-Kauffer LR, Ramírez-Palacios P, Quiterio M, Ramírez-Salazar EG, León-Mimila P, Rivera-Paredez B, Cabrera-Álvarez G, Canizales-Quinteros S, Zhang ZF, López-Pérez TV, Salmerón J, Velázquez-Cruz R.","Exp Mol Pathol. 2018 Feb;104(1):50-58. doi: 10.1016/j.yexmp.2018.01.001. Epub 2018 Jan 4.","Exp Mol Pathol.  2018","PubMed","citation","PMID:29307798 | PMCID:PMC6027652","pubmed","29307798","create date:2018/01/09 | first author:Larrieta-Carrasco E",
"Predictive accuracy of combined genetic and environmental risk scores.","/pubmed/29178508","Dudbridge F, Pashayan N, Yang J.","Genet Epidemiol. 2018 Feb;42(1):4-19. doi: 10.1002/gepi.22092. Epub 2017 Nov 26.","Genet Epidemiol.  2018","PubMed","citation","PMID:29178508 | PMCID:PMC5847122","pubmed","29178508","create date:2017/11/28 | first author:Dudbridge F",
"Evaluation of three polygenic risk score models for the prediction of breast cancer risk in Singapore Chinese.","/pubmed/29560110","Chan CHT, Munusamy P, Loke SY, Koh GL, Yang AZY, Law HY, Yoon CS, Wong CY, Yong WS, Wong NS, Ng RCH, Ong KW, Madhukumar P, Oey CL, Ho GH, Tan PH, Tan MH, Ang P, Yap YS, Lee ASG.","Oncotarget. 2018 Jan 31;9(16):12796-12804. doi: 10.18632/oncotarget.24374. eCollection 2018 Feb 27.","Oncotarget.  2018","PubMed","citation","PMID:29560110 | PMCID:PMC5849174","pubmed","29560110","create date:2018/03/22 | first author:Chan CHT",
"Polygenic hazard score to guide screening for aggressive prostate cancer: development and validation in large scale cohorts.","/pubmed/29321194","Seibert TM, Fan CC, Wang Y, Zuber V, Karunamuni R, Parsons JK, Eeles RA, Easton DF, Kote-Jarai Z, Al Olama AA, Garcia SB, Muir K, Grönberg H, Wiklund F, Aly M, Schleutker J, Sipeky C, Tammela TL, Nordestgaard BG, Nielsen SF, Weischer M, Bisbjerg R, et al.","BMJ. 2018 Jan 10;360:j5757. doi: 10.1136/bmj.j5757.","BMJ.  2018","PubMed","citation","PMID:29321194 | PMCID:PMC5759091","pubmed","29321194","create date:2018/01/13 | first author:Seibert TM",
"Association of Pancreatic Cancer Susceptibility Variants with Risk of Breast Cancer in Women of European and African Ancestry.","/pubmed/29254938","Wang S, Zheng Y, Ogundiran TO, Ojengbede O, Zheng W, Nathanson KL, Nemesure B, Ambs S, Olopade OI, Huo D.","Cancer Epidemiol Biomarkers Prev. 2018 Jan;27(1):116-118. doi: 10.1158/1055-9965.EPI-17-0755. Epub 2017 Dec 18.","Cancer Epidemiol Biomarkers Prev.  2018","PubMed","citation","PMID:29254938 | PMCID:PMC6644034","pubmed","29254938","create date:2017/12/20 | first author:Wang S",
"Polygenic Risk Score for Coronary Heart Disease Modifies the Elevated Risk by Cigarette Smoking for Disease Incidence.","/pubmed/29874179","Hindy G, Wiberg F, Almgren P, Melander O, Orho-Melander M.","Circ Genom Precis Med. 2018 Jan;11(1):e001856. doi: 10.1161/CIRCGEN.117.001856. Epub 2018 Jan 12.","Circ Genom Precis Med.  2018","PubMed","citation","PMID:29874179 | PMCID:PMC6319562","pubmed","29874179","create date:2018/06/07 | first author:Hindy G",
"The molecular genetics of chemotherapy-induced peripheral neuropathy: A systematic review and meta-analysis.","/pubmed/29198326","Cliff J, Jorgensen AL, Lord R, Azam F, Cossar L, Carr DF, Pirmohamed M.","Crit Rev Oncol Hematol. 2017 Dec;120:127-140. doi: 10.1016/j.critrevonc.2017.09.009. Epub 2017 Sep 25. Review.","Crit Rev Oncol Hematol.  2017","PubMed","citation","PMID:29198326","pubmed","29198326","create date:2017/12/05 | first author:Cliff J",
"Comparison of Breast Cancer Molecular Features and Survival by African and European Ancestry in The Cancer Genome Atlas.","/pubmed/28472234","Huo D, Hu H, Rhie SK, Gamazon ER, Cherniack AD, Liu J, Yoshimatsu TF, Pitt JJ, Hoadley KA, Troester M, Ru Y, Lichtenberg T, Sturtz LA, Shelley CS, Benz CC, Mills GB, Laird PW, Shriver CD, Perou CM, Olopade OI.","JAMA Oncol. 2017 Dec 1;3(12):1654-1662. doi: 10.1001/jamaoncol.2017.0595.","JAMA Oncol.  2017","PubMed","citation","PMID:28472234 | PMCID:PMC5671371","pubmed","28472234","create date:2017/05/05 | first author:Huo D",
"Joint relative risks for estrogen receptor-positive breast cancer from a clinical model, polygenic risk score, and sex hormones.","/pubmed/28791495","Shieh Y, Hu D, Ma L, Huntsman S, Gard CC, Leung JWT, Tice JA, Ziv E, Kerlikowske K, Cummings SR.","Breast Cancer Res Treat. 2017 Nov;166(2):603-612. doi: 10.1007/s10549-017-4430-2. Epub 2017 Aug 8.","Breast Cancer Res Treat.  2017","PubMed","citation","PMID:28791495 | PMCID:PMC5669824","pubmed","28791495","create date:2017/08/10 | first author:Shieh Y",
"Genetic variations, reproductive aging, and breast cancer risk in African American and European American women: The Women's Circle of Health Study.","/pubmed/29073238","Coignet MV, Zirpoli GR, Roberts MR, Khoury T, Bandera EV, Zhu Q, Yao S.","PLoS One. 2017 Oct 26;12(10):e0187205. doi: 10.1371/journal.pone.0187205. eCollection 2017.","PLoS One.  2017","PubMed","citation","PMID:29073238 | PMCID:PMC5658184","pubmed","29073238","create date:2017/10/27 | first author:Coignet MV",
"Association of Common Genetic Variants With Contralateral Breast Cancer Risk in the WECARE Study.","/pubmed/28521362","Robson ME, Reiner AS, Brooks JD, Concannon PJ, John EM, Mellemkjaer L, Bernstein L, Malone KE, Knight JA, Lynch CF, Woods M, Liang X, Haile RW, Duggan DJ, Shore RE, Smith SA, Thomas DC, Stram DO, Bernstein JL; WECARE Study Collaborative Group..","J Natl Cancer Inst. 2017 Oct 1;109(10). doi: 10.1093/jnci/djx051.","J Natl Cancer Inst.  2017","PubMed","citation","PMID:28521362 | PMCID:PMC5939625","pubmed","28521362","create date:2017/05/19 | first author:Robson ME",
"Assessment of Breast Cancer Risk Factors Reveals Subtype Heterogeneity.","/pubmed/28512241","Holm J, Eriksson L, Ploner A, Eriksson M, Rantalainen M, Li J, Hall P, Czene K.","Cancer Res. 2017 Jul 1;77(13):3708-3717. doi: 10.1158/0008-5472.CAN-16-2574. Epub 2017 May 16.","Cancer Res.  2017","PubMed","citation","PMID:28512241","pubmed","28512241","create date:2017/05/18 | first author:Holm J",
"A polygenic risk score for breast cancer risk in a Taiwanese population.","/pubmed/28205043","Hsieh YC, Tu SH, Su CT, Cho EC, Wu CH, Hsieh MC, Lin SY, Liu YR, Hung CS, Chiou HY.","Breast Cancer Res Treat. 2017 May;163(1):131-138. doi: 10.1007/s10549-017-4144-5. Epub 2017 Feb 15.","Breast Cancer Res Treat.  2017","PubMed","citation","PMID:28205043","pubmed","28205043","create date:2017/02/17 | first author:Hsieh YC",
"Genetic modifiers of CHEK2*1100delC-associated breast cancer risk.","/pubmed/27711073","Muranen TA, Greco D, Blomqvist C, Aittomäki K, Khan S, Hogervorst F, Verhoef S, Pharoah PDP, Dunning AM, Shah M, Luben R, Bojesen SE, Nordestgaard BG, Schoemaker M, Swerdlow A, García-Closas M, Figueroa J, Dörk T, Bogdanova NV, Hall P, Li J, Khusnutdinova E, et al.","Genet Med. 2017 May;19(5):599-603. doi: 10.1038/gim.2016.147. Epub 2016 Oct 6.","Genet Med.  2017","PubMed","citation","PMID:27711073 | PMCID:PMC5382131","pubmed","27711073","create date:2016/10/07 | first author:Muranen TA",
"Evaluation of a Novel Difficulty of Smoking Cessation Phenotype Based on Number of Quit Attempts.","/pubmed/27629278","Stevens VL, Jacobs EJ, Gapstur SM, Carter BD, Gaudet MM, Westmaas JL, Patel AV.","Nicotine Tob Res. 2017 Apr 1;19(4):435-441. doi: 10.1093/ntr/ntw234.","Nicotine Tob Res.  2017","PubMed","citation","PMID:27629278","pubmed","27629278","create date:2016/09/16 | first author:Stevens VL",
"Genetic effects influencing risk for major depressive disorder in China and Europe.","/pubmed/28350396","Bigdeli TB, Ripke S, Peterson RE, Trzaskowski M, Bacanu SA, Abdellaoui A, Andlauer TF, Beekman AT, Berger K, Blackwood DH, Boomsma DI, Breen G, Buttenschøn HN, Byrne EM, Cichon S, Clarke TK, Couvy-Duchesne B, Craddock N, de Geus EJ, Degenhardt F, Dunn EC, Edwards AC, et al.","Transl Psychiatry. 2017 Mar 28;7(3):e1074. doi: 10.1038/tp.2016.292.","Transl Psychiatry.  2017","PubMed","citation","PMID:28350396 | PMCID:PMC5404611","pubmed","28350396","create date:2017/03/30 | first author:Bigdeli TB",
"Is there a dose-dependent effect of genetic susceptibility loci for gastric cancer on prognosis of the patients?","/pubmed/27821817","Cheng L, Qiu LX, Jia M, Zhou F, Wang MY, Zhang RX, Yang Y, Wang X, Wang J, Jin L, Wei QY.","Oncotarget. 2017 Mar 14;8(11):18435-18443. doi: 10.18632/oncotarget.13123.","Oncotarget.  2017","PubMed","citation","PMID:27821817 | PMCID:PMC5392341","pubmed","27821817","create date:2016/11/09 | first author:Cheng L",
"Modeling the prevention of colorectal cancer from the combined impact of host and behavioral risk factors.","/pubmed/27490113","Frampton M, Houlston RS.","Genet Med. 2017 Mar;19(3):314-321. doi: 10.1038/gim.2016.101. Epub 2016 Aug 4.","Genet Med.  2017","PubMed","citation","PMID:27490113 | PMCID:PMC5133376","pubmed","27490113","create date:2016/08/05 | first author:Frampton M",
"Genetic Predisposition of Polymorphisms in HMGB1-Related Genes to Breast Cancer Prognosis in Korean Women.","/pubmed/28382092","Lee J, Choi J, Chung S, Park J, Kim JE, Sung H, Han W, Lee JW, Park SK, Kim MK, Ahn SH, Noh DY, Yoo KY, Kang D, Choi JY.","J Breast Cancer. 2017 Mar;20(1):27-34. doi: 10.4048/jbc.2017.20.1.27. Epub 2017 Mar 24.","J Breast Cancer.  2017","PubMed","citation","PMID:28382092 | PMCID:PMC5378577","pubmed","28382092","create date:2017/04/07 | first author:Lee J",
"Impact of a Panel of 88 Single Nucleotide Polymorphisms on the Risk of Breast Cancer in High-Risk Women: Results From Two Randomized Tamoxifen Prevention Trials.","/pubmed/28029312","Cuzick J, Brentnall AR, Segal C, Byers H, Reuter C, Detre S, Lopez-Knowles E, Sestak I, Howell A, Powles TJ, Newman WG, Dowsett M.","J Clin Oncol. 2017 Mar;35(7):743-750. doi: 10.1200/JCO.2016.69.8944. Epub 2016 Dec 28.","J Clin Oncol.  2017","PubMed","citation","PMID:28029312 | PMCID:PMC5455424","pubmed","28029312","create date:2016/12/29 | first author:Cuzick J",
"Genome-wide Association for Major Depression Through Age at Onset Stratification: Major Depressive Disorder Working Group of the Psychiatric Genomics Consortium.","/pubmed/27519822","Power RA, Tansey KE, Buttenschøn HN, Cohen-Woods S, Bigdeli T, Hall LS, Kutalik Z, Lee SH, Ripke S, Steinberg S, Teumer A, Viktorin A, Wray NR, Arolt V, Baune BT, Boomsma DI, Børglum AD, Byrne EM, Castelao E, Craddock N, Craig IW, Dannlowski U, et al.","Biol Psychiatry. 2017 Feb 15;81(4):325-335. doi: 10.1016/j.biopsych.2016.05.010. Epub 2016 May 24.","Biol Psychiatry.  2017","PubMed","citation","PMID:27519822 | PMCID:PMC5262436","pubmed","27519822","create date:2016/08/16 | first author:Power RA",
"The impact of a panel of 18 SNPs on breast cancer risk in women attending a UK familial screening clinic: a case-control study.","/pubmed/27794048","Evans DG, Brentnall A, Byers H, Harkness E, Stavrinos P, Howell A; FH-risk study Group., Newman WG, Cuzick J.","J Med Genet. 2017 Feb;54(2):111-113. doi: 10.1136/jmedgenet-2016-104125. Epub 2016 Oct 28.","J Med Genet.  2017","PubMed","citation","PMID:27794048","pubmed","27794048","create date:2016/10/30 | first author:Evans DG",
"Genetic Predisposition to Ischemic Stroke: A Polygenic Risk Score.","/pubmed/28034966","Hachiya T, Kamatani Y, Takahashi A, Hata J, Furukawa R, Shiwa Y, Yamaji T, Hara M, Tanno K, Ohmomo H, Ono K, Takashima N, Matsuda K, Wakai K, Sawada N, Iwasaki M, Yamagishi K, Ago T, Ninomiya T, Fukushima A, Hozawa A, Minegishi N, et al.","Stroke. 2017 Feb;48(2):253-258. doi: 10.1161/STROKEAHA.116.014506. Epub 2016 Dec 29.","Stroke.  2017","PubMed","citation","PMID:28034966 | PMCID:PMC5266416","pubmed","28034966","create date:2016/12/31 | first author:Hachiya T",
"Breast Cancer Screening in the Precision Medicine Era: Risk-Based Screening in a Population-Based Trial.","/pubmed/28130475","Shieh Y, Eklund M, Madlensky L, Sawyer SD, Thompson CK, Stover Fiscalini A, Ziv E, Van't Veer LJ, Esserman LJ, Tice JA; Athena Breast Health Network Investigators..","J Natl Cancer Inst. 2017 Jan 27;109(5). doi: 10.1093/jnci/djw290. Print 2017 Jan. Review.","J Natl Cancer Inst.  2017","PubMed","citation","PMID:28130475","pubmed","28130475","create date:2017/01/29 | first author:Shieh Y",
"Association of Genome-Wide Association Study (GWAS) Identified SNPs and Risk of Breast Cancer in an Indian Population.","/pubmed/28098224","Nagrani R, Mhatre S, Rajaraman P, Chatterjee N, Akbari MR, Boffetta P, Brennan P, Badwe R, Gupta S, Dikshit R.","Sci Rep. 2017 Jan 18;7:40963. doi: 10.1038/srep40963.","Sci Rep.  2017","PubMed","citation","PMID:28098224 | PMCID:PMC5241870","pubmed","28098224","create date:2017/01/18 | first author:Nagrani R",
"Common breast cancer risk alleles and risk assessment: a study on 35 441 individuals from the Danish general population.","/pubmed/28177461","Näslund-Koch C, Nordestgaard BG, Bojesen SE.","Ann Oncol. 2017 Jan 1;28(1):175-181. doi: 10.1093/annonc/mdw536.","Ann Oncol.  2017","PubMed","citation","PMID:28177461","pubmed","28177461","create date:2017/02/09 | first author:Näslund-Koch C",
"Breast cancer risk prediction using a polygenic risk score in the familial setting: a prospective study from the Breast Cancer Family Registry and kConFab.","/pubmed/27171545","Li H, Feng B, Miron A, Chen X, Beesley J, Bimeh E, Barrowdale D, John EM, Daly MB, Andrulis IL, Buys SS, Kraft P; kConFab investigators., Thorne H, Chenevix-Trench G, Southey MC, Antoniou AC, James PA, Terry MB, Phillips KA, Hopper JL, Mitchell G, et al.","Genet Med. 2017 Jan;19(1):30-35. doi: 10.1038/gim.2016.43. Epub 2016 May 12.","Genet Med.  2017","PubMed","citation","PMID:27171545 | PMCID:PMC5107177","pubmed","27171545","create date:2016/05/14 | first author:Li H",
"Genetic Risk as a Marker of Amyloid-β and Tau Burden in Cerebrospinal Fluid.","/pubmed/27834776","Voyle N, Patel H, Folarin A, Newhouse S, Johnston C, Visser PJ, Dobson RJ, Kiddle SJ; EDAR and DESCRIPA study groups and the Alzheimer’s Disease Neuroimaging Initiative..","J Alzheimers Dis. 2017;55(4):1417-1427. doi: 10.3233/JAD-160707.","J Alzheimers Dis.  2017","PubMed","citation","PMID:27834776 | PMCID:PMC5181674","pubmed","27834776","create date:2016/11/12 | first author:Voyle N",
"Winner's Curse Correction and Variable Thresholding Improve Performance of Polygenic Risk Modeling Based on Genome-Wide Association Study Summary-Level Data.","/pubmed/28036406","Shi J, Park JH, Duan J, Berndt ST, Moy W, Yu K, Song L, Wheeler W, Hua X, Silverman D, Garcia-Closas M, Hsiung CA, Figueroa JD, Cortessis VK, Malats N, Karagas MR, Vineis P, Chang IS, Lin D, Zhou B, Seow A, Matsuo K, et al.","PLoS Genet. 2016 Dec 30;12(12):e1006493. doi: 10.1371/journal.pgen.1006493. eCollection 2016 Dec.","PLoS Genet.  2016","PubMed","citation","PMID:28036406 | PMCID:PMC5201242","pubmed","28036406","create date:2016/12/31 | first author:Shi J",
"Genetic Risk, Adherence to a Healthy Lifestyle, and Coronary Disease.","/pubmed/27959714","Khera AV, Emdin CA, Drake I, Natarajan P, Bick AG, Cook NR, Chasman DI, Baber U, Mehran R, Rader DJ, Fuster V, Boerwinkle E, Melander O, Orho-Melander M, Ridker PM, Kathiresan S.","N Engl J Med. 2016 Dec 15;375(24):2349-2358. Epub 2016 Nov 13.","N Engl J Med.  2016","PubMed","citation","PMID:27959714 | PMCID:PMC5338864","pubmed","27959714","create date:2016/12/14 | first author:Khera AV",
"Prediction of breast cancer risk based on common genetic variants in women of East Asian ancestry.","/pubmed/27931260","Wen W, Shu XO, Guo X, Cai Q, Long J, Bolla MK, Michailidou K, Dennis J, Wang Q, Gao YT, Zheng Y, Dunning AM, García-Closas M, Brennan P, Chen ST, Choi JY, Hartman M, Ito H, Lophatananon A, Matsuo K, Miao H, Muir K, et al.","Breast Cancer Res. 2016 Dec 8;18(1):124.","Breast Cancer Res.  2016","PubMed","citation","PMID:27931260 | PMCID:PMC5146840","pubmed","27931260","create date:2016/12/10 | first author:Wen W",
"Chemotherapy, Genetic Susceptibility, and Risk of Venous Thromboembolism in Breast Cancer Patients.","/pubmed/27803117","Brand JS, Hedayati E, Humphreys K, Ludvigsson JF, Johansson AL, Bergh J, Hall P, Czene K.","Clin Cancer Res. 2016 Nov 1;22(21):5249-5255.","Clin Cancer Res.  2016","PubMed","citation","PMID:27803117","pubmed","27803117","create date:2016/11/03 | first author:Brand JS",
"Breast cancer risk prediction using a clinical risk model and polygenic risk score.","/pubmed/27565998","Shieh Y, Hu D, Ma L, Huntsman S, Gard CC, Leung JW, Tice JA, Vachon CM, Cummings SR, Kerlikowske K, Ziv E.","Breast Cancer Res Treat. 2016 Oct;159(3):513-25. doi: 10.1007/s10549-016-3953-2. Epub 2016 Aug 26.","Breast Cancer Res Treat.  2016","PubMed","citation","PMID:27565998 | PMCID:PMC5033764","pubmed","27565998","create date:2016/08/28 | first author:Shieh Y",
"An investigation of the association of genetic susceptibility risk with somatic mutation burden in breast cancer.","/pubmed/27467053","Zhu B, Mukherjee A, Machiela MJ, Song L, Hua X, Shi J, Garcia-Closas M, Chanock SJ, Chatterjee N.","Br J Cancer. 2016 Sep 6;115(6):752-60. doi: 10.1038/bjc.2016.223. Epub 2016 Jul 28.","Br J Cancer.  2016","PubMed","citation","PMID:27467053 | PMCID:PMC5023771","pubmed","27467053","create date:2016/07/29 | first author:Zhu B",
"Polygenic risk score is associated with increased disease risk in 52 Finnish breast cancer families.","/pubmed/27438779","Muranen TA, Mavaddat N, Khan S, Fagerholm R, Pelttari L, Lee A, Aittomäki K, Blomqvist C, Easton DF, Nevanlinna H.","Breast Cancer Res Treat. 2016 Aug;158(3):463-9. doi: 10.1007/s10549-016-3897-6. Epub 2016 Jul 20.","Breast Cancer Res Treat.  2016","PubMed","citation","PMID:27438779 | PMCID:PMC4963452","pubmed","27438779","create date:2016/07/21 | first author:Muranen TA",
"Genome-wide association study of pathological gambling.","/pubmed/27315593","Lang M, Leménager T, Streit F, Fauth-Bühler M, Frank J, Juraeva D, Witt SH, Degenhardt F, Hofmann A, Heilmann-Heimbach S, Kiefer F, Brors B, Grabe HJ, John U, Bischof A, Bischof G, Völker U, Homuth G, Beutel M, Lind PA, Medland SE, Slutske WS, et al.","Eur Psychiatry. 2016 Aug;36:38-46. doi: 10.1016/j.eurpsy.2016.04.001. Epub 2016 Jun 14.","Eur Psychiatry.  2016","PubMed","citation","PMID:27315593","pubmed","27315593","create date:2016/06/18 | first author:Lang M",
"The Relationship between Common Genetic Markers of Breast Cancer Risk and Chemotherapy-Induced Toxicity: A Case-Control Study.","/pubmed/27392074","Dorling L, Kar S, Michailidou K, Hiller L, Vallier AL, Ingle S, Hardy R, Bowden SJ, Dunn JA, Twelves C, Poole CJ, Caldas C, Earl HM, Pharoah PD, Abraham JE.","PLoS One. 2016 Jul 8;11(7):e0158984. doi: 10.1371/journal.pone.0158984. eCollection 2016.","PLoS One.  2016","PubMed","citation","PMID:27392074 | PMCID:PMC4938564","pubmed","27392074","create date:2016/07/09 | first author:Dorling L",
"A Genetic Network Associated With Stress Resistance, Longevity, and Cancer in Humans.","/pubmed/26355015","Levine ME, Crimmins EM.","J Gerontol A Biol Sci Med Sci. 2016 Jun;71(6):703-12. doi: 10.1093/gerona/glv141. Epub 2015 Sep 9.","J Gerontol A Biol Sci Med Sci.  2016","PubMed","citation","PMID:26355015 | PMCID:PMC4888382","pubmed","26355015","create date:2015/09/12 | first author:Levine ME",
"The PROFILE Feasibility Study: Targeted Screening of Men With a Family History of Prostate Cancer.","/pubmed/27151655","Castro E, Mikropoulos C, Bancroft EK, Dadaev T, Goh C, Taylor N, Saunders E, Borley N, Keating D, Page EC, Saya S, Hazell S, Livni N, deSouza N, Neal D, Hamdy FC, Kumar P, Antoniou AC, Kote-Jarai Z; PROFILE Study Steering Committee., Eeles RA.","Oncologist. 2016 Jun;21(6):716-22. doi: 10.1634/theoncologist.2015-0336. Epub 2016 May 5.","Oncologist.  2016","PubMed","citation","PMID:27151655 | PMCID:PMC4912360","pubmed","27151655","create date:2016/05/07 | first author:Castro E",
"Identification of Common Genetic Variants Influencing Spontaneous Dizygotic Twinning and Female Fertility.","/pubmed/27132594","Mbarek H, Steinberg S, Nyholt DR, Gordon SD, Miller MB, McRae AF, Hottenga JJ, Day FR, Willemsen G, de Geus EJ, Davies GE, Martin HC, Penninx BW, Jansen R, McAloney K, Vink JM, Kaprio J, Plomin R, Spector TD, Magnusson PK, Reversade B, Harris RA, et al.","Am J Hum Genet. 2016 May 5;98(5):898-908. doi: 10.1016/j.ajhg.2016.03.008. Epub 2016 Apr 28.","Am J Hum Genet.  2016","PubMed","citation","PMID:27132594 | PMCID:PMC4863559","pubmed","27132594","create date:2016/05/03 | first author:Mbarek H",
"Patients with a High Polygenic Risk of Breast Cancer do not have An Increased Risk of Radiotherapy Toxicity.","/pubmed/26510858","Dorling L, Barnett GC, Michailidou K, Coles CE, Burnet NG, Yarnold J, Elliott RM, Dunning AM, Pharoah PD, West CM.","Clin Cancer Res. 2016 Mar 15;22(6):1413-20. doi: 10.1158/1078-0432.CCR-15-1080. Epub 2015 Oct 28.","Clin Cancer Res.  2016","PubMed","citation","PMID:26510858 | PMCID:PMC4751620","pubmed","26510858","create date:2015/10/30 | first author:Dorling L",
"Personalized testing based on polygenic risk score is promising for more efficient population-based screening programs for common oncological diseases.","/pubmed/26782956","Radice P, Pharoah PD, Peterlongo P.","Ann Oncol. 2016 Mar;27(3):369-70. doi: 10.1093/annonc/mdw003. Epub 2016 Jan 17. No abstract available. ","Ann Oncol.  2016","PubMed","citation","PMID:26782956","pubmed","26782956","create date:2016/01/20 | first author:Radice P",
"Implications of polygenic risk for personalised colorectal cancer screening.","/pubmed/26578737","Frampton MJ, Law P, Litchfield K, Morris EJ, Kerr D, Turnbull C, Tomlinson IP, Houlston RS.","Ann Oncol. 2016 Mar;27(3):429-34. doi: 10.1093/annonc/mdv540. Epub 2015 Nov 16.","Ann Oncol.  2016","PubMed","citation","PMID:26578737","pubmed","26578737","create date:2015/11/19 | first author:Frampton MJ",
"Chronic gastroesophageal reflux disease shares genetic background with esophageal adenocarcinoma and Barrett's esophagus.","/pubmed/26704365","Gharahkhani P, Tung J, Hinds D, Mishra A; Barrett's and Esophageal Adenocarcinoma Consortium (BEACON)., Vaughan TL, Whiteman DC, MacGregor S; BEACON study investigators..","Hum Mol Genet. 2016 Feb 15;25(4):828-35. doi: 10.1093/hmg/ddv512. Epub 2015 Dec 23.","Hum Mol Genet.  2016","PubMed","citation","PMID:26704365 | PMCID:PMC4743691","pubmed","26704365","create date:2015/12/26 | first author:Gharahkhani P",
"Polygenic Risk, Appetite Traits, and Weight Gain in Middle Childhood: A Longitudinal Study.","/pubmed/26830872","Steinsbekk S, Belsky D, Guzey IC, Wardle J, Wichstrøm L.","JAMA Pediatr. 2016 Feb;170(2):e154472. doi: 10.1001/jamapediatrics.2015.4472. Epub 2016 Feb 1.","JAMA Pediatr.  2016","PubMed","citation","PMID:26830872 | PMCID:PMC5914161","pubmed","26830872","create date:2016/02/03 | first author:Steinsbekk S",
"Associations of Breast Cancer Risk Prediction Tools With Tumor Characteristics and Metastasis.","/pubmed/26628467","Holm J, Li J, Darabi H, Eklund M, Eriksson M, Humphreys K, Hall P, Czene K.","J Clin Oncol. 2016 Jan 20;34(3):251-8. doi: 10.1200/JCO.2015.63.0624. Epub 2015 Nov 30.","J Clin Oncol.  2016","PubMed","citation","PMID:26628467","pubmed","26628467","create date:2015/12/03 | first author:Holm J",
"Systematic Evaluation of Genetic Variants for Polycystic Ovary Syndrome in a Chinese Population.","/pubmed/26474478","Xu Y, Li Z, Ai F, Chen J, Xing Q, Zhou P, Wei Z, Shi Y, He XJ, Cao Y.","PLoS One. 2015 Oct 16;10(10):e0140695. doi: 10.1371/journal.pone.0140695. eCollection 2015.","PLoS One.  2015","PubMed","citation","PMID:26474478 | PMCID:PMC4608705","pubmed","26474478","create date:2015/10/17 | first author:Xu Y",
"Implications of polygenic risk-stratified screening for prostate cancer on overdiagnosis.","/pubmed/25569441","Pashayan N, Duffy SW, Neal DE, Hamdy FC, Donovan JL, Martin RM, Harrington P, Benlloch S, Amin Al Olama A, Shah M, Kote-Jarai Z, Easton DF, Eeles R, Pharoah PD.","Genet Med. 2015 Oct;17(10):789-95. doi: 10.1038/gim.2014.192. Epub 2015 Jan 8.","Genet Med.  2015","PubMed","citation","PMID:25569441 | PMCID:PMC4430305","pubmed","25569441","create date:2015/01/09 | first author:Pashayan N",
"Appetitive traits as behavioural pathways in genetic susceptibility to obesity: a population-based cross-sectional study.","/pubmed/26423639","Konttinen H, Llewellyn C, Wardle J, Silventoinen K, Joensuu A, Männistö S, Salomaa V, Jousilahti P, Kaprio J, Perola M, Haukkala A.","Sci Rep. 2015 Oct 1;5:14726. doi: 10.1038/srep14726.","Sci Rep.  2015","PubMed","citation","PMID:26423639 | PMCID:PMC4589697","pubmed","26423639","create date:2015/10/02 | first author:Konttinen H",
"Reducing overdiagnosis by polygenic risk-stratified screening: findings from the Finnish section of the ERSPC.","/pubmed/26291059","Pashayan N, Pharoah PD, Schleutker J, Talala K, Tammela TLj, Määttänen L, Harrington P, Tyrer J, Eeles R, Duffy SW, Auvinen A.","Br J Cancer. 2015 Sep 29;113(7):1086-93. doi: 10.1038/bjc.2015.289. Epub 2015 Aug 20.","Br J Cancer.  2015","PubMed","citation","PMID:26291059 | PMCID:PMC4651137","pubmed","26291059","create date:2015/08/21 | first author:Pashayan N",
"Prediction of individual genetic risk to prostate cancer using a polygenic score.","/pubmed/26177737","Szulkin R, Whitington T, Eklund M, Aly M, Eeles RA, Easton D, Kote-Jarai ZS, Amin Al Olama A, Benlloch S, Muir K, Giles GG, Southey MC, Fitzgerald LM, Henderson BE, Schumacher F, Haiman CA, Schleutker J, Wahlfors T, Tammela TL, Nordestgaard BG, Key TJ, Travis RC, et al.","Prostate. 2015 Sep;75(13):1467-74. doi: 10.1002/pros.23037. Epub 2015 Jul 14. Erratum in: Prostate. 2015 Dec;75(16):1972. Lim, Hui-Yi [corrected to Lin, Hui-Yi]. ","Prostate.  2015","PubMed","citation","PMID:26177737","pubmed","26177737","create date:2015/07/17 | first author:Szulkin R",
"Risk Analysis of Prostate Cancer in PRACTICAL, a Multinational Consortium, Using 25 Known Prostate Cancer Susceptibility Loci.","/pubmed/25837820","Amin Al Olama A, Benlloch S, Antoniou AC, Giles GG, Severi G, Neal DE, Hamdy FC, Donovan JL, Muir K, Schleutker J, Henderson BE, Haiman CA, Schumacher FR, Pashayan N, Pharoah PD, Ostrander EA, Stanford JL, Batra J, Clements JA, Chambers SK, Weischer M, Nordestgaard BG, et al.","Cancer Epidemiol Biomarkers Prev. 2015 Jul;24(7):1121-9. doi: 10.1158/1055-9965.EPI-14-0317. Epub 2015 Apr 2.","Cancer Epidemiol Biomarkers Prev.  2015","PubMed","citation","PMID:25837820 | PMCID:PMC4491026","pubmed","25837820","create date:2015/04/04 | first author:Amin Al Olama A",
"Prediction of breast cancer risk based on profiling with common genetic variants.","/pubmed/25855707","Mavaddat N, Pharoah PD, Michailidou K, Tyrer J, Brook MN, Bolla MK, Wang Q, Dennis J, Dunning AM, Shah M, Luben R, Brown J, Bojesen SE, Nordestgaard BG, Nielsen SF, Flyger H, Czene K, Darabi H, Eriksson M, Peto J, Dos-Santos-Silva I, Dudbridge F, et al.","J Natl Cancer Inst. 2015 Apr 8;107(5). pii: djv036. doi: 10.1093/jnci/djv036. Print 2015 May.","J Natl Cancer Inst.  2015","PubMed","citation","PMID:25855707 | PMCID:PMC4754625","pubmed","25855707","create date:2015/04/10 | first author:Mavaddat N",
"Prevalence of the HOXB13 G84E germline mutation in British men and correlation with prostate cancer risk, tumour characteristics and clinical outcomes.","/pubmed/25595936","Kote-Jarai Z, Mikropoulos C, Leongamornlert DA, Dadaev T, Tymrakiewicz M, Saunders EJ, Jones M, Jugurnauth-Little S, Govindasami K, Guy M, Hamdy FC, Donovan JL, Neal DE, Lane JA, Dearnaley D, Wilkinson RA, Sawyer EJ, Morgan A, Antoniou AC, Eeles RA; UK Genetic Prostate Cancer Study Collaborators, and ProtecT Study Group..","Ann Oncol. 2015 Apr;26(4):756-61. doi: 10.1093/annonc/mdv004. Epub 2015 Jan 16.","Ann Oncol.  2015","PubMed","citation","PMID:25595936","pubmed","25595936","create date:2015/01/18 | first author:Kote-Jarai Z",
"The contributions of breast density and common genetic variation to breast cancer risk.","/pubmed/25745020","Vachon CM, Pankratz VS, Scott CG, Haeberle L, Ziv E, Jensen MR, Brandt KR, Whaley DH, Olson JE, Heusinger K, Hack CC, Jud SM, Beckmann MW, Schulz-Wendtland R, Tice JA, Norman AD, Cunningham JM, Purrington KS, Easton DF, Sellers TA, Kerlikowske K, Fasching PA, et al.","J Natl Cancer Inst. 2015 Mar 4;107(5). pii: dju397. doi: 10.1093/jnci/dju397. Print 2015 May.","J Natl Cancer Inst.  2015","PubMed","citation","PMID:25745020 | PMCID:PMC4598340","pubmed","25745020","create date:2015/03/07 | first author:Vachon CM",
"Breast cancer genetic risk profile is differentially associated with interval and screen-detected breast cancers.","/pubmed/25488685","Li J, Holm J, Bergh J, Eriksson M, Darabi H, Lindström LS, Törnberg S, Hall P, Czene K.","Ann Oncol. 2015 Mar;26(3):517-22. doi: 10.1093/annonc/mdu565. Epub 2014 Dec 8. Erratum in: Ann Oncol. 2016 Jun;27(6):1181. ","Ann Oncol.  2015","PubMed","citation","PMID:25488685","pubmed","25488685","create date:2014/12/10 | first author:Li J",
"Vitamin D-associated genetic variation and risk of breast cancer in the breast and prostate cancer cohort consortium (BPC3).","/pubmed/25542828","Mondul AM, Shui IM, Yu K, Weinstein SJ, Tsilidis KK, Joshi AD, Agudo A, Berg CD, Black A, Buring JE, Chasman DI, Gaudet MM, Haiman C, Hankinson SE, Henderson BE, Hoover RN, Hunter DJ, Khaw KT, Kühn T, Kvaskoff M, Le Marchand L, Lindström S, et al.","Cancer Epidemiol Biomarkers Prev. 2015 Mar;24(3):627-30. doi: 10.1158/1055-9965.EPI-14-1127. Epub 2014 Dec 26.","Cancer Epidemiol Biomarkers Prev.  2015","PubMed","citation","PMID:25542828 | PMCID:PMC4355227","pubmed","25542828","create date:2014/12/30 | first author:Mondul AM",
"Common colorectal cancer risk alleles contribute to the multiple colorectal adenoma phenotype, but do not influence colonic polyposis in FAP.","/pubmed/24801760","Cheng TH, Gorman M, Martin L, Barclay E, Casey G; Colon Cancer Family Registry.; CGEMS., Saunders B, Thomas H, Clark S, Tomlinson I.","Eur J Hum Genet. 2015 Feb;23(2):260-3. doi: 10.1038/ejhg.2014.74. Epub 2014 May 7.","Eur J Hum Genet.  2015","PubMed","citation","PMID:24801760 | PMCID:PMC4140766","pubmed","24801760","create date:2014/05/08 | first author:Cheng TH",
"Testing calibration of risk models at extremes of disease risk.","/pubmed/25027274","Song M, Kraft P, Joshi AD, Barrdahl M, Chatterjee N.","Biostatistics. 2015 Jan;16(1):143-54. doi: 10.1093/biostatistics/kxu034. Epub 2014 Jul 14.","Biostatistics.  2015","PubMed","citation","PMID:25027274 | PMCID:PMC4263225","pubmed","25027274","create date:2014/07/17 | first author:Song M",
"A polygenic risk score for breast cancer in women receiving tamoxifen or raloxifene on NSABP P-1 and P-2.","/pubmed/25575444","Vachon CM, Schaid DJ, Ingle JN, Wickerham DL, Kubo M, Mushiroda T, Goetz MP, Carlson EE, Paik S, Wolmark N, Nakamura Y, Wang L, Weinshilboum R, Couch FJ.","Breast Cancer Res Treat. 2015 Jan;149(2):517-23. doi: 10.1007/s10549-014-3175-4. Epub 2015 Jan 10.","Breast Cancer Res Treat.  2015","PubMed","citation","PMID:25575444 | PMCID:PMC4327931","pubmed","25575444","create date:2015/01/13 | first author:Vachon CM",
"The influence of the CHIEF pathway on colorectal cancer-specific mortality.","/pubmed/25541970","Slattery ML, Lundgreen A.","PLoS One. 2014 Dec 26;9(12):e116169. doi: 10.1371/journal.pone.0116169. eCollection 2014.","PLoS One.  2014","PubMed","citation","PMID:25541970 | PMCID:PMC4277466","pubmed","25541970","create date:2014/12/30 | first author:Slattery ML",
"Inflammation-related genetic variants predict toxicity following definitive radiotherapy for lung cancer.","/pubmed/25054431","Pu X, Wang L, Chang JY, Hildebrandt MA, Ye Y, Lu C, Skinner HD, Niu N, Jenkins GD, Komaki R, Minna JD, Roth JA, Weinshilboum RM, Wu X.","Clin Pharmacol Ther. 2014 Nov;96(5):609-15. doi: 10.1038/clpt.2014.154. Epub 2014 Jul 23.","Clin Pharmacol Ther.  2014","PubMed","citation","PMID:25054431 | PMCID:PMC4206576","pubmed","25054431","create date:2014/07/24 | first author:Pu X",
"The associations between immunity-related genes and breast cancer prognosis in Korean women.","/pubmed/25075970","Choi J, Song N, Han S, Chung S, Sung H, Lee JY, Jung S, Park SK, Yoo KY, Han W, Lee JW, Noh DY, Kang D, Choi JY.","PLoS One. 2014 Jul 30;9(7):e103593. doi: 10.1371/journal.pone.0103593. eCollection 2014.","PLoS One.  2014","PubMed","citation","PMID:25075970 | PMCID:PMC4116221","pubmed","25075970","create date:2014/07/31 | first author:Choi J",
"From modeling to measurement: developmental trends in genetic influence on adiposity in childhood.","/pubmed/24760426","Llewellyn CH, Trzaskowski M, Plomin R, Wardle J.","Obesity (Silver Spring). 2014 Jul;22(7):1756-61. doi: 10.1002/oby.20756. Epub 2014 Apr 24.","Obesity (Silver Spring).  2014","PubMed","citation","PMID:24760426 | PMCID:PMC4077923","pubmed","24760426","create date:2014/04/25 | first author:Llewellyn CH",
"A genetic score can identify men at high risk for prostate cancer among men with prostate-specific antigen of 1-3 ng/ml.","/pubmed/23891454","Nordström T, Aly M, Eklund M, Egevad L, Grönberg H.","Eur Urol. 2014 Jun;65(6):1184-90. doi: 10.1016/j.eururo.2013.07.005. Epub 2013 Jul 19.","Eur Urol.  2014","PubMed","citation","PMID:23891454","pubmed","23891454","create date:2013/07/31 | first author:Nordström T",
"Genome-wide association study identifies 25 known breast cancer susceptibility loci as risk factors for triple-negative breast cancer.","/pubmed/24325915","Purrington KS, Slager S, Eccles D, Yannoukakos D, Fasching PA, Miron P, Carpenter J, Chang-Claude J, Martin NG, Montgomery GW, Kristensen V, Anton-Culver H, Goodfellow P, Tapper WJ, Rafiq S, Gerty SM, Durcan L, Konstantopoulou I, Fostira F, Vratimos A, Apostolou P, Konstanta I, et al.","Carcinogenesis. 2014 May;35(5):1012-9. doi: 10.1093/carcin/bgt404. Epub 2013 Dec 9.","Carcinogenesis.  2014","PubMed","citation","PMID:24325915 | PMCID:PMC4004200","pubmed","24325915","create date:2013/12/12 | first author:Purrington KS",
"Satiety mechanisms in genetic risk of obesity.","/pubmed/24535189","Llewellyn CH, Trzaskowski M, van Jaarsveld CHM, Plomin R, Wardle J.","JAMA Pediatr. 2014 Apr;168(4):338-344. doi: 10.1001/jamapediatrics.2013.4944.","JAMA Pediatr.  2014","PubMed","citation","PMID:24535189 | PMCID:PMC3981891","pubmed","24535189","create date:2014/02/19 | first author:Llewellyn CH",
"Ovarian cancer familial relative risks by tumour subtypes and by known ovarian cancer genetic susceptibility variants.","/pubmed/24277755","Jervis S, Song H, Lee A, Dicks E, Tyrer J, Harrington P, Easton DF, Jacobs IJ, Pharoah PP, Antoniou AC.","J Med Genet. 2014 Feb;51(2):108-13. doi: 10.1136/jmedgenet-2013-102015. Epub 2013 Nov 25.","J Med Genet.  2014","PubMed","citation","PMID:24277755","pubmed","24277755","create date:2013/11/28 | first author:Jervis S",
"Genetic susceptibility to lung cancer based on candidate genes in a sample from the Mexican Mestizo population: a case-control study.","/pubmed/24357096","Pérez-Morales R, Méndez-Ramírez I, Moreno-Macias H, Mendoza-Posadas AD, Martínez-Ramírez OC, Castro-Hernández C, Gonsebatt ME, Rubio J.","Lung. 2014 Feb;192(1):167-73. doi: 10.1007/s00408-013-9536-7. Epub 2013 Dec 20.","Lung.  2014","PubMed","citation","PMID:24357096","pubmed","24357096","create date:2013/12/21 | first author:Pérez-Morales R",
"Commentary on ""common genetic polymorphisms modify the effect of smoking on absolute risk of bladder cancer."" Garcia-Closas M, Rothman N, Figueroa JD, Prokunina-Olsson L, Han SS, Baris D, Jacobs EJ, Malats N, De Vivo I, Albanes D, Purdue MP, Sharma S, Fu YP, Kogevinas M, Wang Z, Tang W, Tardón A, Se...","/pubmed/24445297","Scherr DS.","Urol Oncol. 2014 Feb;32(2):213-4. doi: 10.1016/j.urolonc.2013.08.015.","Urol Oncol.  2014","PubMed","citation","PMID:24445297","pubmed","24445297","create date:2014/01/22 | first author:Scherr DS",
"A population-based assessment of germline HOXB13 G84E mutation and prostate cancer risk.","/pubmed/22841674","Karlsson R, Aly M, Clements M, Zheng L, Adolfsson J, Xu J, Grönberg H, Wiklund F.","Eur Urol. 2014 Jan;65(1):169-76. doi: 10.1016/j.eururo.2012.07.027. Epub 2012 Jul 20.","Eur Urol.  2014","PubMed","citation","PMID:22841674","pubmed","22841674","create date:2012/07/31 | first author:Karlsson R",
"Joint effect of multiple common SNPs predicts melanoma susceptibility.","/pubmed/24392023","Fang S, Han J, Zhang M, Wang LE, Wei Q, Amos CI, Lee JE.","PLoS One. 2013 Dec 31;8(12):e85642. doi: 10.1371/journal.pone.0085642. eCollection 2013.","PLoS One.  2013","PubMed","citation","PMID:24392023 | PMCID:PMC3877376","pubmed","24392023","create date:2014/01/07 | first author:Fang S",
"Genetic variants in microRNAs and breast cancer risk in African American and European American women.","/pubmed/24062209","Yao S, Graham K, Shen J, Campbell LE, Singh P, Zirpoli G, Roberts M, Ciupak G, Davis W, Hwang H, Khoury T, Bovbjerg DH, Jandorf L, Pawlish KS, Bandera EV, Liu S, Ambrosone CB, Zhao H.","Breast Cancer Res Treat. 2013 Oct;141(3):447-59. doi: 10.1007/s10549-013-2698-4. Epub 2013 Sep 24.","Breast Cancer Res Treat.  2013","PubMed","citation","PMID:24062209 | PMCID:PMC3856568","pubmed","24062209","create date:2013/09/26 | first author:Yao S",
"The associations between a polygenic score, reproductive and menstrual risk factors and breast cancer risk.","/pubmed/23893088","Warren Andersen S, Trentham-Dietz A, Gangnon RE, Hampton JM, Figueroa JD, Skinner HG, Engelman CD, Klein BE, Titus LJ, Newcomb PA.","Breast Cancer Res Treat. 2013 Jul;140(2):427-34. doi: 10.1007/s10549-013-2646-3. Epub 2013 Jul 27.","Breast Cancer Res Treat.  2013","PubMed","citation","PMID:23893088 | PMCID:PMC3799826","pubmed","23893088","create date:2013/07/31 | first author:Warren Andersen S",
"Genome-wide association study identifies a region on chromosome 11q14.3 associated with late rectal bleeding following radiation therapy for prostate cancer.","/pubmed/23719583","Kerns SL, Stock RG, Stone NN, Blacksburg SR, Rath L, Vega A, Fachal L, Gómez-Caamaño A, De Ruysscher D, Lammering G, Parliament M, Blackshaw M, Sia M, Cesaretti J, Terk M, Hixson R, Rosenstein BS, Ostrer H.","Radiother Oncol. 2013 Jun;107(3):372-6. doi: 10.1016/j.radonc.2013.05.001. Epub 2013 May 26.","Radiother Oncol.  2013","PubMed","citation","PMID:23719583 | PMCID:PMC3787843","pubmed","23719583","create date:2013/05/31 | first author:Kerns SL",
"Genetic variation in the vitamin d pathway in relation to risk of prostate cancer--results from the breast and prostate cancer cohort consortium.","/pubmed/23377224","Mondul AM, Shui IM, Yu K, Travis RC, Stevens VL, Campa D, Schumacher FR, Ziegler RG, Bueno-de-Mesquita HB, Berndt S, Crawford ED, Gapstur SM, Gaziano JM, Giovannucci E, Haiman CA, Henderson BE, Hunter DJ, Johansson M, Key TJ, Le Marchand L, Lindström S, McCullough ML, et al.","Cancer Epidemiol Biomarkers Prev. 2013 Apr;22(4):688-96. doi: 10.1158/1055-9965.EPI-13-0007-T. Epub 2013 Feb 1.","Cancer Epidemiol Biomarkers Prev.  2013","PubMed","citation","PMID:23377224 | PMCID:PMC3617077","pubmed","23377224","create date:2013/02/05 | first author:Mondul AM",
"Common genetic polymorphisms modify the effect of smoking on absolute risk of bladder cancer.","/pubmed/23536561","Garcia-Closas M, Rothman N, Figueroa JD, Prokunina-Olsson L, Han SS, Baris D, Jacobs EJ, Malats N, De Vivo I, Albanes D, Purdue MP, Sharma S, Fu YP, Kogevinas M, Wang Z, Tang W, Tardón A, Serra C, Carrato A, García-Closas R, Lloreta J, Johnson A, et al.","Cancer Res. 2013 Apr 1;73(7):2211-20. doi: 10.1158/0008-5472.CAN-12-2388. Epub 2013 Mar 27.","Cancer Res.  2013","PubMed","citation","PMID:23536561 | PMCID:PMC3688270","pubmed","23536561","create date:2013/03/29 | first author:Garcia-Closas M",
"Pleiotropy and pathway analyses of genetic variants associated with both type 2 diabetes and prostate cancer.","/pubmed/23565322","Raynor LA, Pankow JS, Rasmussen-Torvik LJ, Tang W, Prizment A, Couper DJ.","Int J Mol Epidemiol Genet. 2013;4(1):49-60. Epub 2013 Mar 18.","Int J Mol Epidemiol Genet.  2013","PubMed","citation","PMID:23565322 | PMCID:PMC3612454","pubmed","23565322","create date:2013/04/09 | first author:Raynor LA",
"Prediction of lung cancer risk in a Chinese population using a multifactorial genetic model.","/pubmed/23228068","Li H, Yang L, Zhao X, Wang J, Qian J, Chen H, Fan W, Liu H, Jin L, Wang W, Lu D.","BMC Med Genet. 2012 Dec 10;13:118. doi: 10.1186/1471-2350-13-118.","BMC Med Genet.  2012","PubMed","citation","PMID:23228068 | PMCID:PMC3573944","pubmed","23228068","create date:2012/12/12 | first author:Li H",
"A role for common genomic variants in the assessment of familial breast cancer.","/pubmed/23109704","Sawyer S, Mitchell G, McKinley J, Chenevix-Trench G, Beesley J, Chen XQ, Bowtell D, Trainer AH, Harris M, Lindeman GJ, James PA.","J Clin Oncol. 2012 Dec 10;30(35):4330-6. doi: 10.1200/JCO.2012.41.7469. Epub 2012 Oct 29.","J Clin Oncol.  2012","PubMed","citation","PMID:23109704","pubmed","23109704","create date:2012/10/31 | first author:Sawyer S",
"Are centenarians genetically predisposed to lower disease risk?","/pubmed/21894447","Ruiz JR, Fiuza-Luces C, Buxens A, Cano-Nieto A, Gómez-Gallego F, Santiago C, Rodríguez-Romo G, Garatachea N, Lao JI, Morán M, Lucia A.","Age (Dordr). 2012 Oct;34(5):1269-83. Epub 2011 Sep 6.","Age (Dordr).  2012","PubMed","citation","PMID:21894447 | PMCID:PMC3448993","pubmed","21894447","create date:2011/09/07 | first author:Ruiz JR",
"Unidentified genetic variants influence pancreatic cancer risk: an analysis of polygenic susceptibility in the PanScan study.","/pubmed/22644738","Pierce BL, Tong L, Kraft P, Ahsan H.","Genet Epidemiol. 2012 Jul;36(5):517-24. doi: 10.1002/gepi.21644. Epub 2012 May 29.","Genet Epidemiol.  2012","PubMed","citation","PMID:22644738","pubmed","22644738","create date:2012/05/31 | first author:Pierce BL",
"Oxidative balance and colon and rectal cancer: interaction of lifestyle factors and genes.","/pubmed/22531693","Slattery ML, Lundgreen A, Welbourn B, Wolff RK, Corcoran C.","Mutat Res. 2012 Jun 1;734(1-2):30-40. doi: 10.1016/j.mrfmmm.2012.04.002. Epub 2012 Apr 15.","Mutat Res.  2012","PubMed","citation","PMID:22531693 | PMCID:PMC3372651","pubmed","22531693","create date:2012/04/26 | first author:Slattery ML",
"Polygenic risk score improves prostate cancer risk prediction: results from the Stockholm-1 cohort study.","/pubmed/21295399","Aly M, Wiklund F, Xu J, Isaacs WB, Eklund M, D'Amato M, Adolfsson J, Grönberg H.","Eur Urol. 2011 Jul;60(1):21-8. doi: 10.1016/j.eururo.2011.01.017. Epub 2011 Jan 18.","Eur Urol.  2011","PubMed","citation","PMID:21295399 | PMCID:PMC4417350","pubmed","21295399","create date:2011/02/08 | first author:Aly M",
"Incidence of breast cancer and its subtypes in relation to individual and multiple low-penetrance genetic susceptibility loci.","/pubmed/20664043","Reeves GK, Travis RC, Green J, Bull D, Tipper S, Baker K, Beral V, Peto R, Bell J, Zelenika D, Lathrop M; Million Women Study Collaborators..","JAMA. 2010 Jul 28;304(4):426-34. doi: 10.1001/jama.2010.1042.","JAMA.  2010","PubMed","citation","PMID:20664043","pubmed","20664043","create date:2010/07/29 | first author:Reeves GK",
"Are elite endurance athletes genetically predisposed to lower disease risk?","/pubmed/20028936","Gómez-Gallego F, Ruiz JR, Buxens A, Altmäe S, Artieda M, Santiago C, González-Freire M, Verde Z, Arteta D, Martínez A, Tejedor D, Lao JI, Arenas J, Lucia A.","Physiol Genomics. 2010 Mar 3;41(1):82-90. doi: 10.1152/physiolgenomics.00183.2009. Epub 2009 Dec 22.","Physiol Genomics.  2010","PubMed","citation","PMID:20028936","pubmed","20028936","create date:2009/12/24 | first author:Gómez-Gallego F",
"Genome-wide search for breast cancer linkage in large Icelandic non-BRCA1/2 families.","/pubmed/20637093","Arason A, Gunnarsson H, Johannesdottir G, Jonasson K, Bendahl PO, Gillanders EM, Agnarsson BA, Jönsson G, Pylkäs K, Mustonen A, Heikkinen T, Aittomäki K, Blomqvist C, Melin B, Johannsson OT, Møller P, Winqvist R, Nevanlinna H, Borg A, Barkardottir RB.","Breast Cancer Res. 2010;12(4):R50. doi: 10.1186/bcr2608. Epub 2010 Jul 16.","Breast Cancer Res.  2010","PubMed","citation","PMID:20637093 | PMCID:PMC2949638","pubmed","20637093","create date:2010/07/20 | first author:Arason A",
"Common variants at 30 loci contribute to polygenic dyslipidemia.","/pubmed/19060906","Kathiresan S, Willer CJ, Peloso GM, Demissie S, Musunuru K, Schadt EE, Kaplan L, Bennett D, Li Y, Tanaka T, Voight BF, Bonnycastle LL, Jackson AU, Crawford G, Surti A, Guiducci C, Burtt NP, Parish S, Clarke R, Zelenika D, Kubalanza KA, Morken MA, et al.","Nat Genet. 2009 Jan;41(1):56-65. doi: 10.1038/ng.291. Epub 2008 Dec 7.","Nat Genet.  2009","PubMed","citation","PMID:19060906 | PMCID:PMC2881676","pubmed","19060906","create date:2008/12/09 | first author:Kathiresan S",
"Counting potentially functional variants in BRCA1, BRCA2 and ATM predicts breast cancer susceptibility.","/pubmed/17341484","Johnson N, Fletcher O, Palles C, Rudd M, Webb E, Sellick G, dos Santos Silva I, McCormack V, Gibson L, Fraser A, Leonard A, Gilham C, Tavtigian SV, Ashworth A, Houlston R, Peto J.","Hum Mol Genet. 2007 May 1;16(9):1051-7. Epub 2007 Mar 6.","Hum Mol Genet.  2007","PubMed","citation","PMID:17341484","pubmed","17341484","create date:2007/03/08 | first author:Johnson N",
"A genome-wide scan for naevus count: linkage to CDKN2A and to other chromosome regions.","/pubmed/17063143","Zhu G, Montgomery GW, James MR, Trent JM, Hayward NK, Martin NG, Duffy DL.","Eur J Hum Genet. 2007 Jan;15(1):94-102. Epub 2006 Oct 25.","Eur J Hum Genet.  2007","PubMed","citation","PMID:17063143","pubmed","17063143","create date:2006/10/26 | first author:Zhu G",
"Genetic mapping of a pulmonary adenoma resistance (Par1) in mouse.","/pubmed/8630506","Manenti G, Gariboldi M, Elango R, Fiorino A, De Gregorio L, Falvella FS, Hunter K, Housman D, Pierotti MA, Dragani TA.","Nat Genet. 1996 Apr;12(4):455-7.","Nat Genet.  1996","PubMed","citation","PMID:8630506","pubmed","8630506","create date:1996/04/01 | first author:Manenti G",
